{"_runtime":5,"val/log_loss":0.6636457603088544,"val/brier_score":0.2350566525188449,"val/auc":0.5314147354028819,"val/accuracy":0.6245858408276421,"_timestamp":1.7690258819132414e+09,"_step":0,"_wandb":{"runtime":5}}
