{"_timestamp":1.769025340288368e+09,"_step":0,"val/log_loss":0.6636457603088544,"val/brier_score":0.2350566525188449,"val/auc":0.5314147354028819,"_wandb":{"runtime":4},"_runtime":4,"val/accuracy":0.6245858408276421}
